{"cameraMode":{"drawMode":0,"name":"Shaded","section":"Shading Mode"},"sceneLighting":true,"audioPlay":false,"sceneViewState":{"m_AlwaysRefresh":false,"showFog":true,"showSkybox":true,"showFlares":true,"showImageEffects":true,"showParticleSystems":true,"showVisualEffectGraphs":true,"m_FxEnabled":true},"in2DMode":false,"pivot":{"x":64.81513214111328,"y":26.54582977294922,"z":74.16143798828125},"rotation":{"x":0.028086727485060693,"y":0.22185543179512025,"z":-0.006395168602466583,"w":0.9746589660644531},"size":22.121273040771486,"orthographic":false}