{"cameraMode":{"drawMode":0,"name":"Shaded","section":"Shading Mode"},"sceneLighting":true,"audioPlay":false,"sceneViewState":{"m_AlwaysRefresh":false,"showFog":true,"showSkybox":true,"showFlares":true,"showImageEffects":true,"showParticleSystems":true,"showVisualEffectGraphs":true,"m_FxEnabled":true},"in2DMode":false,"pivot":{"x":-1.7863157987594605,"y":-0.9070181846618652,"z":-0.022916793823242189},"rotation":{"x":0.1407763659954071,"y":-0.02970096841454506,"z":0.004224371165037155,"w":0.9895883798599243},"size":10.116962432861329,"orthographic":false}