{"cameraMode":{"drawMode":0,"name":"Shaded","section":"Shading Mode"},"sceneLighting":true,"audioPlay":false,"sceneViewState":{"m_AlwaysRefresh":false,"showFog":true,"showSkybox":true,"showFlares":true,"showImageEffects":true,"showParticleSystems":true,"showVisualEffectGraphs":true,"m_FxEnabled":true},"in2DMode":false,"pivot":{"x":0.44007861614227297,"y":3.9544904232025148,"z":1.7352638244628907},"rotation":{"x":0.04829031601548195,"y":-0.0011865756241604686,"z":0.000042797204514499754,"w":0.9988407492637634},"size":11.194462776184082,"orthographic":false}