{"cameraMode":{"drawMode":0,"name":"Shaded","section":"Shading Mode"},"sceneLighting":false,"audioPlay":false,"sceneViewState":{"m_AlwaysRefresh":false,"showFog":true,"showSkybox":false,"showFlares":true,"showImageEffects":true,"showParticleSystems":true,"showVisualEffectGraphs":true,"m_FxEnabled":true},"in2DMode":false,"pivot":{"x":-0.07076376676559448,"y":0.3840707540512085,"z":1.3300000429153443},"rotation":{"x":0.3028180003166199,"y":-0.18460409343242646,"z":0.059905387461185458,"w":0.9330834150314331},"size":0.5420634150505066,"orthographic":false}